From_fips,To_fips,From_County,To_County,Tx_Capacity_MW,n_circuits,sum_rate_mva,sum_B_pu,x_eq_pu,pf_used_med,kv_min_med,edge_type,From_state,From_zone,From_zone_name,From_interconnect,To_state,To_zone,To_zone_name,To_interconnect,n_links
48001,48073,Anderson,Cherokee,196,2,196,21.8341398,0.045799835,1,2,AC,TX,308,East,Texas,TX,308,East,Texas,
48001,48161,Freestone,Anderson,442,2,442,51.09862034,0.01957,1,2,AC,TX,308,East,Texas,TX,308,East,Texas,
48001,48213,Henderson,Anderson,149,1,149,10.47449461,0.09547,1,1,AC,TX,308,East,Texas,TX,308,East,Texas,
48001,48225,Anderson,Anderson,196,2,196,18.24346508,0.054814148,1,2,AC,TX,308,East,Texas,TX,308,East,Texas,
48001,48289,Anderson,Leon,98,1,98,11.15946881,0.08961,1,1,AC,TX,308,East,Texas,TX,308,East,Texas,
48003,48329,Midland,Andrews,149,1,149,4.842380514,0.20651,1,1,AC,TX,301,Far West,Texas,TX,301,Far West,Texas,
48003,48495,Andrews,Winkler,149,1,149,7.502438292,0.13329,1,1,AC,TX,301,Far West,Texas,TX,301,Far West,Texas,
48005,48225,Houston,Angelina,247,2,247,16.56680859,0.060361656,1,2,AC,TX,308,East,Texas,TX,308,East,Texas,
48005,48339,Angelina,Montgomery,647,1,647,9.910802775,0.1009,1,1,AC,TX,308,East,Texas,TX,307,Coast,Texas,
48005,48347,Nacogdoches,Angelina,762,3,762,38.25396474,0.026141081,1,3,AC,TX,308,East,Texas,TX,308,East,Texas,
48007,48057,Calhoun,Aransas,149,1,149,9.594166747,0.10423,1,1,AC,TX,307,Coast,Texas,TX,304,South,Texas,
48007,48391,Aransas,Refugio,170,1,170,8.590327291,0.11641,1,1,AC,TX,304,South,Texas,TX,304,South,Texas,
48009,48447,Archer,Throckmorton,187,1,187,10.33484911,0.09676,1,1,AC,TX,302,North,Texas,TX,305,North Central,Texas,
48009,48485,Archer,Wichita,187,1,187,71.42857143,0.014,1,1,AC,TX,302,North,Texas,TX,302,North,Texas,
48009,48503,Archer,Young,432,2,432,49.51891975,0.020194302,1,2,AC,TX,302,North,Texas,TX,305,North Central,Texas,
48013,48029,Bexar,Atascosa,519,3,519,69.08401164,0.014475129,1,3,AC,TX,306,South Central,Texas,TX,304,South,Texas,
48013,48163,Atascosa,Atascosa,745,2,745,30.30036405,0.033002904,1,2,AC,TX,304,South,Texas,TX,304,South,Texas,
48013,48255,Karnes,Atascosa,592,2,592,27.56998552,0.036271328,1,2,AC,TX,306,South Central,Texas,TX,304,South,Texas,
48013,48325,Atascosa,Medina,98,1,98,12.85016705,0.07782,1,1,AC,TX,304,South,Texas,TX,306,South Central,Texas,
48013,48493,Atascosa,Wilson,98,1,98,10.3799045,0.09634,1,1,AC,TX,306,South Central,Texas,TX,306,South Central,Texas,
48015,48149,Austin,Fayette,149,1,149,13.39225927,0.07467,1,1,AC,TX,306,South Central,Texas,TX,306,South Central,Texas,
48015,48157,Fort Bend,Austin,370,2,370,39.42074054,0.025367357,1,2,AC,TX,307,Coast,Texas,TX,307,Coast,Texas,
48015,48473,Waller,Austin,149,1,149,23.06273063,0.04336,1,1,AC,TX,307,Coast,Texas,TX,307,Coast,Texas,
48015,48481,Austin,Wharton,98,1,98,14.36988073,0.06959,1,1,AC,TX,307,Coast,Texas,TX,307,Coast,Texas,
48017,48279,Lamb,Bailey,188.48,1,188.48,27.1783443,0.036794,1,1,AC,TX,45,Texas Panhandle,Eastern,TX,45,Texas Panhandle,Eastern,
48017,48369,Bailey,Bailey,307.33,2,307.33,21.38065987,0.046771241,1,2,AC,TX,45,Texas Panhandle,Eastern,TX,45,Texas Panhandle,Eastern,
48019,48029,Bexar,Bandera,98,1,98,10.87429317,0.09196,1,1,AC,TX,306,South Central,Texas,TX,306,South Central,Texas,
48019,48259,Bandera,Kendall,247,2,247,19.22935667,0.05200382,1,2,AC,TX,306,South Central,Texas,TX,306,South Central,Texas,
48019,48325,Bandera,Medina,149,1,149,9.324878777,0.10724,1,1,AC,TX,306,South Central,Texas,TX,306,South Central,Texas,
48021,48053,Burnet,Bastrop,2020,1,2020,72.62164125,0.01377,1,1,AC,TX,306,South Central,Texas,TX,306,South Central,Texas,
48021,48149,Fayette,Bastrop,1842,3,1842,82.08606649,0.012182335,1,3,AC,TX,306,South Central,Texas,TX,306,South Central,Texas,
48021,48177,Gonzales,Bastrop,98,1,98,17.09109554,0.05851,1,1,AC,TX,306,South Central,Texas,TX,306,South Central,Texas,
48021,48331,Bastrop,Milam,2020,1,2020,126.4222503,0.00791,1,1,AC,TX,306,South Central,Texas,TX,306,South Central,Texas,
48021,48453,Travis,Bastrop,4157,5,4157,891.1026246,0.001122205,1,5,AC,TX,306,South Central,Texas,TX,306,South Central,Texas,
48023,48155,Foard,Baylor,187,1,187,9.553835865,0.10467,1,1,AC,TX,302,North,Texas,TX,302,North,Texas,
48023,48275,Knox,Baylor,251,1,251,9.498480243,0.10528,1,1,AC,TX,302,North,Texas,TX,302,North,Texas,
48025,48175,Bee,Goliad,98,1,98,12.86173633,0.07775,1,1,AC,TX,304,South,Texas,TX,304,South,Texas,
48025,48255,Karnes,Bee,98,1,98,12.71455817,0.07865,1,1,AC,TX,306,South Central,Texas,TX,304,South,Texas,
48025,48409,San Patricio,Bee,98,1,98,17.08233686,0.05854,1,1,AC,TX,304,South,Texas,TX,304,South,Texas,
48027,48053,Burnet,Bell,2020,1,2020,106.2699256,0.00941,1,1,AC,TX,305,North Central,Texas,TX,305,North Central,Texas,
48027,48099,Bell,Coryell,2207,2,2207,217.9378056,0.004588465,1,2,AC,TX,305,North Central,Texas,TX,305,North Central,Texas,
48027,48145,Bell,Falls,251,1,251,31.9795331,0.03127,1,1,AC,TX,305,North Central,Texas,TX,305,North Central,Texas,
48027,48193,Hamilton,Bell,187,1,187,9.266981744,0.10791,1,1,AC,TX,305,North Central,Texas,TX,305,North Central,Texas,
48027,48309,Bell,McLennan,2020,1,2020,110.9877913,0.00901,1,1,AC,TX,305,North Central,Texas,TX,305,North Central,Texas,
48027,48331,Bell,Bell,3538,6,3538,185.0141473,0.005404992,1,6,AC,TX,305,North Central,Texas,TX,306,South Central,Texas,
48027,48395,Bell,Robertson,98,1,98,6.989097009,0.14308,1,1,AC,TX,306,South Central,Texas,TX,308,East,Texas,
48027,48491,Williamson,Bell,336,2,336,49.75782943,0.02009734,1,2,AC,TX,306,South Central,Texas,TX,305,North Central,Texas,
48029,48053,Burnet,Bexar,2020,1,2020,57.90387956,0.01727,1,1,AC,TX,306,South Central,Texas,TX,306,South Central,Texas,
48029,48091,Bexar,Comal,995,4,995,121.3771523,0.008238783,1,4,AC,TX,306,South Central,Texas,TX,306,South Central,Texas,
48029,48187,Bexar,Bexar,6473,8,6473,576.4600899,0.001734725,1,8,AC,TX,306,South Central,Texas,TX,306,South Central,Texas,
48029,48259,Bexar,Kendall,647,1,647,34.59010723,0.02891,1,1,AC,TX,306,South Central,Texas,TX,306,South Central,Texas,
48029,48265,Kerr,Bexar,548,1,548,15.67889621,0.06378,1,1,AC,TX,303,West,Texas,TX,306,South Central,Texas,
48029,48325,Bexar,Medina,4071,8,4071,339.3082889,0.002947172,1,8,AC,TX,306,South Central,Texas,TX,306,South Central,Texas,
48029,48469,Bexar,Victoria,2000,1,2000,52.63157895,0.019,1,1,AC,TX,306,South Central,Texas,TX,307,Coast,Texas,
48029,48479,Webb,Bexar,2020,1,2020,31.15264798,0.0321,1,1,AC,TX,304,South,Texas,TX,306,South Central,Texas,
48029,48493,Bexar,Bexar,592,2,592,53.50049319,0.018691416,1,2,AC,TX,306,South Central,Texas,TX,306,South Central,Texas,
48031,48171,Gillespie,Blanco,98,1,98,9.644131546,0.10369,1,1,AC,TX,303,West,Texas,TX,306,South Central,Texas,
48031,48209,Blanco,Hays,149,1,149,10.96491228,0.0912,1,1,AC,TX,306,South Central,Texas,TX,306,South Central,Texas,
48031,48259,Blanco,Kendall,98,1,98,9.253261775,0.10807,1,1,AC,TX,306,South Central,Texas,TX,306,South Central,Texas,
48031,48299,Llano,Blanco,149,1,149,22.28660575,0.04487,1,1,AC,TX,306,South Central,Texas,TX,306,South Central,Texas,
48033,48115,Dawson,Borden,196,1,196,26.44103649,0.03782,1,1,AC,TX,301,Far West,Texas,TX,301,Far West,Texas,
48033,48415,Borden,Scurry,863,2,863,77.52246281,0.012899487,1,2,AC,TX,301,Far West,Texas,TX,303,West,Texas,
48035,48099,Coryell,Bosque,187,1,187,18.10938066,0.05522,1,1,AC,TX,305,North Central,Texas,TX,305,North Central,Texas,
48035,48143,Erath,Bosque,150,1,150,12.82051282,0.078,1,1,AC,TX,305,North Central,Texas,TX,305,North Central,Texas,
48035,48193,Bosque,Hamilton,187,1,187,14.83459427,0.06741,1,1,AC,TX,305,North Central,Texas,TX,305,North Central,Texas,
48035,48217,Hill,Bosque,374,2,374,60.66050509,0.016485191,1,2,AC,TX,305,North Central,Texas,TX,305,North Central,Texas,
48035,48221,Bosque,Hood,187,1,187,13.71930306,0.07289,1,1,AC,TX,305,North Central,Texas,TX,305,North Central,Texas,
48035,48309,Bosque,Bosque,374,2,374,32.71445331,0.030567529,1,2,AC,TX,305,North Central,Texas,TX,305,North Central,Texas,
48035,48425,Bosque,Somervell,374,2,374,58.40264869,0.017122511,1,2,AC,TX,305,North Central,Texas,TX,305,North Central,Texas,
48037,48067,Cass,Bowie,339.94,2,339.94,28.41139778,0.035197142,1,2,AC,TX,44,East Texas,Eastern,TX,44,East Texas,Eastern,
48037,48387,Bowie,Red River,160.42,1,160.42,17.02620333,0.058733,1,1,AC,TX,44,East Texas,Eastern,TX,44,East Texas,Eastern,
48039,48071,Chambers,Brazoria,2020,1,2020,71.47962831,0.01399,1,1,AC,TX,307,Coast,Texas,TX,307,Coast,Texas,
48039,48157,Fort Bend,Brazoria,4354,8,4354,220.5792989,0.004533517,1,8,AC,TX,307,Coast,Texas,TX,307,Coast,Texas,
48039,48167,Brazoria,Galveston,2905,4,2905,207.4513592,0.004820407,1,4,AC,TX,307,Coast,Texas,TX,307,Coast,Texas,
48039,48201,Brazoria,Brazoria,1697,10,1697,206.4332096,0.004844182,1,10,AC,TX,307,Coast,Texas,TX,307,Coast,Texas,
48039,48321,Matagorda,Brazoria,867,3,867,50.18451557,0.019926465,1,3,AC,TX,307,Coast,Texas,TX,307,Coast,Texas,
48039,48481,Wharton,Brazoria,443,1,443,23.61275089,0.04235,1,1,AC,TX,307,Coast,Texas,TX,307,Coast,Texas,
48041,48051,Brazos,Burleson,98,1,98,15.11715797,0.06615,1,1,AC,TX,308,East,Texas,TX,306,South Central,Texas,
48041,48185,Brazos,Brazos,2241,2,2241,132.8331167,0.007528243,1,2,AC,TX,308,East,Texas,TX,308,East,Texas,
48041,48395,Brazos,Robertson,1017,4,1017,61.24652938,0.016327456,1,4,AC,TX,308,East,Texas,TX,308,East,Texas,
48041,48477,Brazos,Washington,800,1,800,26.64535039,0.03753,1,1,AC,TX,308,East,Texas,TX,306,South Central,Texas,
48043,48371,Brewster,Brewster,196,2,196,5.04342841,0.198277822,1,2,AC,TX,301,Far West,Texas,TX,301,Far West,Texas,
48043,48377,Presidio,Brewster,98,1,98,2.70343336,0.3699,1,1,AC,TX,301,Far West,Texas,TX,301,Far West,Texas,
48045,48107,Briscoe,Crosby,187,1,187,5.83294447,0.17144,1,1,AC,TX,302,North,Texas,TX,301,Far West,Texas,
48045,48191,Hall,Briscoe,187,1,187,12.64542236,0.07908,1,1,AC,TX,302,North,Texas,TX,302,North,Texas,
48047,48261,Brooks,Kenedy,442,2,442,15.15610791,0.06598,1,2,AC,TX,304,South,Texas,TX,304,South,Texas,
48047,48427,Starr,Brooks,442,2,442,15.1503674,0.066005,1,2,AC,TX,304,South,Texas,TX,304,South,Texas,
48049,48083,Coleman,Brown,400,2,400,22.11542383,0.045217311,1,2,AC,TX,303,North Central,Texas,TX,303,North Central,Texas,
48049,48093,Brown,Comanche,187,1,187,29.46375958,0.03394,1,1,AC,TX,305,North Central,Texas,TX,305,North Central,Texas,
48049,48095,Brown,Concho,98,1,98,5.098919029,0.19612,1,1,AC,TX,303,West,Texas,TX,303,West,Texas,
48049,48133,Eastland,Brown,251,1,251,25.86652871,0.03866,1,1,AC,TX,305,North Central,Texas,TX,305,North Central,Texas,
48049,48143,Erath,Brown,2020,1,2020,64.97725796,0.01539,1,1,AC,TX,305,North Central,Texas,TX,305,North Central,Texas,
48049,48333,Brown,Mills,2207,2,2207,118.8638341,0.008412988,1,2,AC,TX,305,North Central,Texas,TX,305,North Central,Texas,
48049,48353,Nolan,Brown,2295,1,2295,66.66666667,0.015,1,1,AC,TX,303,West,Texas,TX,305,North Central,Texas,
48049,48411,San Saba,Brown,149,1,149,6.010699044,0.16637,1,1,AC,TX,303,West,Texas,TX,303,West,Texas,
48051,48287,Burleson,Lee,98,1,98,11.05460977,0.09046,1,1,AC,TX,306,South Central,Texas,TX,306,South Central,Texas,
48051,48331,Milam,Burleson,523,1,523,28.37684449,0.03524,1,1,AC,TX,306,South Central,Texas,TX,306,South Central,Texas,
48051,48477,Washington,Burleson,647,1,647,24.44390125,0.04091,1,1,AC,TX,306,South Central,Texas,TX,306,South Central,Texas,
48053,48281,Lampasas,Burnet,98,1,98,8.60659265,0.11619,1,1,AC,TX,303,West,Texas,TX,306,South Central,Texas,
48053,48299,Burnet,Llano,447,3,447,99.31186801,0.01006929,1,3,AC,TX,306,South Central,Texas,TX,303,West,Texas,
48053,48333,Mills,Burnet,2020,1,2020,69.10850035,0.01447,1,1,AC,TX,305,North Central,Texas,TX,306,South Central,Texas,
48053,48411,Burnet,San Saba,98,1,98,12.20256254,0.08195,1,1,AC,TX,306,South Central,Texas,TX,303,West,Texas,
48053,48453,Travis,Burnet,2684,3,2684,189.4581937,0.005278209,1,3,AC,TX,306,South Central,Texas,TX,306,South Central,Texas,
48053,48491,Burnet,Burnet,285,2,285,57.30833385,0.017449469,1,2,AC,TX,306,South Central,Texas,TX,305,North Central,Texas,
48055,48177,Caldwell,Gonzales,149,1,149,11.1831805,0.08942,1,1,AC,TX,306,South Central,Texas,TX,306,South Central,Texas,
48055,48187,Guadalupe,Caldwell,443,1,443,27.67017156,0.03614,1,1,AC,TX,306,South Central,Texas,TX,306,South Central,Texas,
48055,48209,Caldwell,Hays,837,3,837,99.20593293,0.010080042,1,3,AC,TX,306,South Central,Texas,TX,306,South Central,Texas,
48055,48453,Caldwell,Travis,149,1,149,12.09482342,0.08268,1,1,AC,TX,306,South Central,Texas,TX,306,South Central,Texas,
48057,48175,Goliad,Calhoun,443,1,443,28.12148481,0.03556,1,1,AC,TX,307,Coast,Texas,TX,307,Coast,Texas,
48057,48239,Jackson,Calhoun,149,1,149,18.84658877,0.05306,1,1,AC,TX,307,Coast,Texas,TX,307,Coast,Texas,
48057,48321,Calhoun,Matagorda,2516,2,2516,136.2367796,0.007340162,1,2,AC,TX,307,Coast,Texas,TX,307,Coast,Texas,
48057,48469,Victoria,Calhoun,5131,4,5131,457.0027355,0.002188171,1,4,AC,TX,307,Coast,Texas,TX,307,Coast,Texas,
48059,48083,Callahan,Coleman,251,1,251,15.35862387,0.06511,1,1,AC,TX,305,North Central,Texas,TX,305,North Central,Texas,
48059,48133,Callahan,Eastland,251,1,251,17.26817475,0.05791,1,1,AC,TX,305,North Central,Texas,TX,305,North Central,Texas,
48059,48417,Shackelford,Callahan,187,1,187,22.97794118,0.04352,1,1,AC,TX,305,North Central,Texas,TX,305,North Central,Texas,
48059,48441,Taylor,Callahan,409,1,409,18.14223512,0.05512,1,1,AC,TX,303,West,Texas,TX,305,North Central,Texas,
48061,48215,Hidalgo,Cameron,1139,3,1139,37.32510001,0.026791623,1,3,AC,TX,304,South,Texas,TX,304,South,Texas,
48061,48489,Willacy,Cameron,1802.4,6,1802.4,191.7894296,0.005214052,1,6,AC,TX,304,South,Texas,TX,304,South,Texas,
48063,48343,Camp,Morris,300.69,2,300.69,50.02533451,0.019989871,1,2,AC,TX,44,East Texas,Eastern,TX,44,East Texas,Eastern,
48063,48459,Camp,Upshur,141.38,1,141.38,68.84681583,0.014525,1,1,AC,TX,44,East Texas,Eastern,TX,44,East Texas,Eastern,
48065,48107,Carson,Crosby,2020,1,2020,32.59452412,0.03068,1,1,AC,TX,302,North,Texas,TX,302,North,Texas,
48065,48129,Carson,Donley,187,1,187,11.2981584,0.08851,1,1,AC,TX,302,North,Texas,TX,302,North,Texas,
48065,48211,Carson,Carson,4040,2,4040,169.0180321,0.005916528,1,2,AC,TX,302,North,Texas,TX,302,North,Texas,
48065,48393,Carson,Roberts,187,1,187,9.500285009,0.10526,1,1,AC,TX,302,North,Texas,TX,302,North,Texas,
48067,48315,Cass,Cass,373.69,2,373.69,39.20122523,0.025509407,1,2,AC,TX,44,East Texas,Eastern,TX,44,East Texas,Eastern,
48067,48343,Morris,Cass,190.26,1,190.26,20.30333178,0.049253,1,1,AC,TX,44,East Texas,Eastern,TX,44,East Texas,Eastern,
48071,48167,Chambers,Galveston,2766,4,2766,192.94354,0.005182863,1,4,AC,TX,307,Coast,Texas,TX,307,Coast,Texas,
48071,48201,Chambers,Harris,4504,7,4504,890.9968772,0.001122338,1,7,AC,TX,307,Coast,Texas,TX,307,Coast,Texas,
48071,48291,Liberty,Chambers,1721,3,1721,118.276505,0.008454765,1,3,AC,TX,307,Coast,Texas,TX,307,Coast,Texas,
48073,48161,Freestone,Cherokee,2020,1,2020,63.25110689,0.01581,1,1,AC,TX,308,East,Texas,TX,308,East,Texas,
48073,48213,Cherokee,Henderson,98,1,98,11.42595978,0.08752,1,1,AC,TX,308,East,Texas,TX,308,East,Texas,
48073,48225,Cherokee,Houston,98,1,98,11.31093768,0.08841,1,1,AC,TX,308,East,Texas,TX,308,East,Texas,
48073,48347,Cherokee,Nacogdoches,1118,3,1118,94.40899932,0.010592211,1,3,AC,TX,308,East,Texas,TX,308,East,Texas,
48073,48423,Cherokee,Smith,1598,3,1598,85.780431,0.011657671,1,3,AC,TX,308,East,Texas,TX,308,East,Texas,
48077,48337,Montague,Clay,251,1,251,25.6147541,0.03904,1,1,AC,TX,302,North,Texas,TX,302,North,Texas,
48077,48485,Clay,Wichita,501,2,501,69.09430245,0.014472973,1,2,AC,TX,302,North,Texas,TX,302,North,Texas,
48081,48227,Howard,Coke,221,1,221,5.555555556,0.18,1,1,AC,TX,301,Far West,Texas,TX,303,West,Texas,
48081,48353,Coke,Nolan,1041,2,1041,60.45806317,0.016540391,1,2,AC,TX,303,West,Texas,TX,303,West,Texas,
48081,48431,Coke,Coke,971,2,971,61.71043768,0.016204714,1,2,AC,TX,303,West,Texas,TX,303,West,Texas,
48083,48095,Concho,Coleman,98,1,98,9.166743056,0.10909,1,1,AC,TX,303,West,Texas,TX,303,West,Texas,
48083,48441,Taylor,Coleman,247,2,247,41.23136207,0.024253383,1,2,AC,TX,303,West,Texas,TX,303,West,Texas,
48085,48113,Dallas,Collin,8665,17,8665,2294.898633,0.000435749,1,17,AC,TX,305,North Central,Texas,TX,305,North Central,Texas,
48085,48121,Collin,Denton,3639,7,3639,804.6654728,0.001242752,1,7,AC,TX,305,North Central,Texas,TX,305,North Central,Texas,
48085,48139,Collin,Ellis,2768,1,2768,71.22507123,0.01404,1,1,AC,TX,305,North Central,Texas,TX,305,North Central,Texas,
48085,48147,Fannin,Collin,251,1,251,38.21169278,0.02617,1,1,AC,TX,302,North,Texas,TX,305,North Central,Texas,
48085,48181,Grayson,Collin,2458,3,2458,195.0478827,0.005126946,1,3,AC,TX,302,North,Texas,TX,305,North Central,Texas,
48085,48231,Hunt,Collin,2546,2,2546,211.0238628,0.004738801,1,2,AC,TX,305,North Central,Texas,TX,305,North Central,Texas,
48085,48439,Tarrant,Collin,2020,1,2020,105.2631579,0.0095,1,1,AC,TX,305,North Central,Texas,TX,305,North Central,Texas,
48087,48129,Collingsworth,Donley,187,1,187,12.09043646,0.08271,1,1,AC,TX,302,North,Texas,TX,302,North,Texas,
48087,48191,Hall,Collingsworth,187,1,187,10.06947941,0.09931,1,1,AC,TX,302,North,Texas,TX,302,North,Texas,
48089,48123,DeWitt,Colorado,443,1,443,12.64062698,0.07911,1,1,AC,TX,306,South Central,Texas,TX,306,South Central,Texas,
48089,48149,Colorado,Colorado,891,4,891,67.23523256,0.014873154,1,4,AC,TX,306,South Central,Texas,TX,306,South Central,Texas,
48089,48285,Lavaca,Colorado,98,1,98,13.15443304,0.07602,1,1,AC,TX,306,South Central,Texas,TX,306,South Central,Texas,
48089,48481,Wharton,Colorado,707,3,707,48.16300571,0.020762824,1,3,AC,TX,307,Coast,Texas,TX,307,Coast,Texas,
48091,48187,Guadalupe,Comal,3452,6,3452,1169.882925,0.000854786,1,6,AC,TX,306,South Central,Texas,TX,306,South Central,Texas,
48091,48209,Comal,Hays,2118,2,2118,409.6279639,0.00244124,1,2,AC,TX,306,South Central,Texas,TX,306,South Central,Texas,
48093,48193,Hamilton,Comanche,187,1,187,11.52870648,0.08674,1,1,AC,TX,305,North Central,Texas,TX,305,North Central,Texas,
48095,48327,Concho,Menard,98,1,98,5.39607166,0.18532,1,1,AC,TX,303,West,Texas,TX,303,West,Texas,
48095,48411,San Saba,Concho,98,1,98,4.918839154,0.2033,1,1,AC,TX,303,West,Texas,TX,303,West,Texas,
48095,48451,Concho,Tom Green,98,1,98,5.764685536,0.17347,1,1,AC,TX,303,West,Texas,TX,303,West,Texas,
48097,48121,Cooke,Denton,251,1,251,44.92362983,0.02226,1,1,AC,TX,302,North,Texas,TX,305,North Central,Texas,
48097,48181,Cooke,Grayson,187,1,187,22.23704692,0.04497,1,1,AC,TX,302,North,Texas,TX,302,North,Texas,
48097,48337,Cooke,Montague,251,1,251,55.61735261,0.01798,1,1,AC,TX,302,North,Texas,TX,302,North,Texas,
48097,48497,Wise,Cooke,187,1,187,23.60160491,0.04237,1,1,AC,TX,305,North Central,Texas,TX,302,North,Texas,
48099,48193,Hamilton,Coryell,187,1,187,10.71466838,0.09333,1,1,AC,TX,305,North Central,Texas,TX,305,North Central,Texas,
48099,48309,McLennan,Coryell,2207,2,2207,90.77380058,0.011016395,1,2,AC,TX,305,North Central,Texas,TX,305,North Central,Texas,
48099,48333,Coryell,Mills,2020,1,2020,126.4222503,0.00791,1,1,AC,TX,305,North Central,Texas,TX,305,North Central,Texas,
48101,48125,Cottle,Dickens,187,1,187,7.708317274,0.12973,1,1,AC,TX,302,North,Texas,TX,302,North,Texas,
48101,48155,Foard,Cottle,187,1,187,11.00957833,0.09083,1,1,AC,TX,302,North,Texas,TX,302,North,Texas,
48105,48435,Crockett,Sutton,149,1,149,4.263665046,0.23454,1,1,AC,TX,301,Far West,Texas,TX,303,West,Texas,
48105,48443,Terrell,Crockett,149,1,149,7.008199594,0.14269,1,1,AC,TX,301,Far West,Texas,TX,301,Far West,Texas,
48107,48125,Crosby,Dickens,187,1,187,10.34447088,0.09667,1,1,AC,TX,301,Far West,Texas,TX,302,North,Texas,
48107,48415,Crosby,Scurry,750,1,750,17.60873393,0.05679,1,1,AC,TX,302,North,Texas,TX,303,West,Texas,
48109,48377,Culberson,Culberson,196,2,196,4.817233925,0.207588009,1,2,AC,TX,301,Far West,Texas,TX,301,Far West,Texas,
48109,48389,Reeves,Culberson,98,1,98,3.645111905,0.27434,1,1,AC,TX,301,Far West,Texas,TX,301,Far West,Texas,
48111,48341,Moore,Dallam,1175.1,1,1175.1,41.38730238,0.024162,1,1,AC,TX,45,Texas Panhandle,Eastern,TX,45,Texas Panhandle,Eastern,
48111,48381,Dallam,Randall,1136.28,1,1136.28,20.94021568,0.047755,1,1,AC,TX,45,Texas Panhandle,Eastern,TX,45,Texas Panhandle,Eastern,
48113,48121,Dallas,Denton,4980,6,4980,739.7965075,0.001351723,1,6,AC,TX,305,North Central,Texas,TX,305,North Central,Texas,
48113,48139,Ellis,Dallas,4017,4,4017,361.2911302,0.002767851,1,4,AC,TX,305,North Central,Texas,TX,305,North Central,Texas,
48113,48231,Hunt,Dallas,2295,1,2295,117.6470588,0.0085,1,1,AC,TX,305,North Central,Texas,TX,305,North Central,Texas,
48113,48251,Dallas,Johnson,4788,2,4788,335.1643479,0.002983611,1,2,AC,TX,305,North Central,Texas,TX,305,North Central,Texas,
48113,48257,Kaufman,Dallas,748,3,748,104.1017141,0.00960599,1,3,AC,TX,305,North Central,Texas,TX,305,North Central,Texas,
48113,48397,Dallas,Rockwall,1191,5,1191,173.4835146,0.005764236,1,5,AC,TX,305,North Central,Texas,TX,305,North Central,Texas,
48113,48439,Dallas,Tarrant,4422,9,4422,648.2836039,0.001542535,1,9,AC,TX,305,North Central,Texas,TX,305,North Central,Texas,
48115,48317,Dawson,Martin,98,1,98,4.682305567,0.21357,1,1,AC,TX,301,Far West,Texas,TX,301,Far West,Texas,
48119,48147,Delta,Fannin,438,2,438,61.44357035,0.016275096,1,2,AC,TX,305,North Central,Texas,TX,305,North Central,Texas,
48119,48277,Delta,Lamar,251,1,251,40.51863857,0.02468,1,1,AC,TX,305,North Central,Texas,TX,302,North,Texas,
48119,48387,Red River,Delta,187,1,187,9.546539379,0.10475,1,1,AC,TX,302,North,Texas,TX,302,North,Texas,
48121,48181,Grayson,Denton,438,2,438,73.15709671,0.013669214,1,2,AC,TX,302,North,Texas,TX,305,North Central,Texas,
48121,48211,Hemphill,Denton,2768,1,2768,10,0.1,1,1,AC,TX,302,North,Texas,TX,305,North Central,Texas,
48121,48439,Denton,Tarrant,3674,7,3674,478.3199264,0.002090651,1,7,AC,TX,305,North Central,Texas,TX,305,North Central,Texas,
48121,48497,Denton,Denton,3397,2,3397,134.3133635,0.007445276,1,2,AC,TX,305,North Central,Texas,TX,305,North Central,Texas,
48123,48175,DeWitt,DeWitt,592,2,592,33.12472455,0.03018893,1,2,AC,TX,306,South Central,Texas,TX,306,Coast,Texas,
48123,48177,DeWitt,Gonzales,221,1,221,7.454342154,0.13415,1,1,AC,TX,306,South Central,Texas,TX,306,South Central,Texas,
48123,48255,DeWitt,Karnes,149,1,149,12.77791975,0.07826,1,1,AC,TX,306,South Central,Texas,TX,306,South Central,Texas,
48123,48469,Victoria,DeWitt,98,1,98,10.60220526,0.09432,1,1,AC,TX,307,Coast,Texas,TX,306,South Central,Texas,
48125,48269,King,Dickens,187,1,187,9.463423867,0.10567,1,1,AC,TX,302,North,Texas,TX,302,North,Texas,
48127,48163,Dimmit,Frio,149,1,149,8.729812309,0.11455,1,1,AC,TX,304,South,Texas,TX,304,South,Texas,
48127,48283,La Salle,Dimmit,149,1,149,7.88519161,0.12682,1,1,AC,TX,304,South,Texas,TX,304,South,Texas,
48127,48507,Zavala,Dimmit,98,1,98,6.932889628,0.14424,1,1,AC,TX,304,South,Texas,TX,304,South,Texas,
48129,48179,Donley,Gray,143.96,1,143.96,5.662450029,0.176602,1,1,AC,TX,45,Texas Panhandle,Eastern,TX,45,Texas Panhandle,Eastern,
48131,48311,McMullen,Duval,98,1,98,5.288207298,0.1891,1,1,AC,TX,304,South,Texas,TX,304,South,Texas,
48131,48479,Duval,Webb,98,1,98,7.059155725,0.14166,1,1,AC,TX,304,South,Texas,TX,304,South,Texas,
48133,48143,Eastland,Eastland,438,2,438,64.58891667,0.015482532,1,2,AC,TX,305,North Central,Texas,TX,305,North Central,Texas,
48133,48363,Palo Pinto,Eastland,251,1,251,14.48855404,0.06902,1,1,AC,TX,305,North Central,Texas,TX,305,North Central,Texas,
48133,48429,Stephens,Eastland,251,1,251,18.85369532,0.05304,1,1,AC,TX,305,North Central,Texas,TX,305,North Central,Texas,
48135,48329,Midland,Ector,1718.9,8,1718.9,231.9251806,0.004311735,1,8,AC,TX,301,Far West,Texas,TX,301,Far West,Texas,
48135,48353,Nolan,Ector,4600,2,4600,133.3333333,0.0075,1,2,AC,TX,303,West,Texas,TX,301,Far West,Texas,
48135,48431,Ector,Sterling,548,1,548,11.23595506,0.089,1,1,AC,TX,301,Far West,Texas,TX,303,West,Texas,
48135,48461,Upton,Ector,548,1,548,32.25806452,0.031,1,1,AC,TX,301,Far West,Texas,TX,301,Far West,Texas,
48135,48475,Ward,Ector,698,2,698,39.74358974,0.02516129,1,2,AC,TX,301,Far West,Texas,TX,301,Far West,Texas,
48135,48495,Ector,Winkler,149,1,149,15.86546089,0.06303,1,1,AC,TX,301,Far West,Texas,TX,301,Far West,Texas,
48137,48265,Kerr,Edwards,98,1,98,4.467875972,0.22382,1,1,AC,TX,303,West,Texas,TX,303,West,Texas,
48137,48271,Edwards,Kinney,98,1,98,6.158014656,0.16239,1,1,AC,TX,303,West,Texas,TX,303,West,Texas,
48139,48217,Ellis,Hill,689,3,689,94.63266885,0.010567175,1,3,AC,TX,305,North Central,Texas,TX,305,North Central,Texas,
48139,48251,Johnson,Ellis,2640,3,2640,505.6922355,0.001977487,1,3,AC,TX,305,North Central,Texas,TX,305,North Central,Texas,
48139,48349,Navarro,Ellis,3894,4,3894,366.1282131,0.002731284,1,4,AC,TX,305,North Central,Texas,TX,305,North Central,Texas,
48141,48229,El Paso,El Paso,916.74,4,916.74,122.9795157,0.008131436,1,4,AC,TX,216,El Paso,Western,TX,216,El Paso,Western,
48143,48193,Erath,Hamilton,187,1,187,11.66588894,0.08572,1,1,AC,TX,305,North Central,Texas,TX,305,North Central,Texas,
48143,48353,Nolan,Erath,4590,2,4590,153.8461538,0.0065,1,2,AC,TX,303,West,Texas,TX,305,North Central,Texas,
48143,48363,Palo Pinto,Erath,2394,3,2394,190.9215501,0.005237753,1,3,AC,TX,305,North Central,Texas,TX,305,North Central,Texas,
48143,48425,Somervell,Erath,2295,1,2295,165.8374793,0.00603,1,1,AC,TX,305,North Central,Texas,TX,305,North Central,Texas,
48145,48309,McLennan,Falls,187,1,187,26.99784017,0.03704,1,1,AC,TX,305,North Central,Texas,TX,305,North Central,Texas,
48145,48331,Milam,Falls,187,1,187,11.65772907,0.08578,1,1,AC,TX,305,North Central,Texas,TX,305,North Central,Texas,
48145,48395,Robertson,Falls,149,1,149,17.87949222,0.05593,1,1,AC,TX,308,East,Texas,TX,305,North Central,Texas,
48147,48181,Fannin,Grayson,2704,4,2704,445.9779565,0.002242263,1,4,AC,TX,302,North,Texas,TX,302,North,Texas,
48147,48277,Fannin,Lamar,2733,3,2733,120.3575125,0.00830858,1,3,AC,TX,302,North,Texas,TX,302,North,Texas,
48149,48177,Fayette,Gonzales,149,1,149,21.57031924,0.04636,1,1,AC,TX,306,South Central,Texas,TX,306,South Central,Texas,
48149,48285,Lavaca,Fayette,370,2,370,31.56645389,0.0316792,1,2,AC,TX,306,South Central,Texas,TX,306,South Central,Texas,
48149,48287,Fayette,Lee,149,1,149,19.42124684,0.05149,1,1,AC,TX,306,South Central,Texas,TX,306,South Central,Texas,
48149,48469,Victoria,Fayette,2020,1,2020,53.61930295,0.01865,1,1,AC,TX,307,Coast,Texas,TX,306,South Central,Texas,
48149,48477,Fayette,Washington,2020,1,2020,137.7410468,0.00726,1,1,AC,TX,306,South Central,Texas,TX,306,South Central,Texas,
48151,48253,Fisher,Fisher,247,2,247,18.7529729,0.053324878,1,2,AC,TX,303,West,Texas,TX,303,West,Texas,
48151,48263,Fisher,Kent,221,1,221,33.6473755,0.02972,1,1,AC,TX,303,West,Texas,TX,302,North,Texas,
48151,48353,Nolan,Fisher,149,1,149,7.642338556,0.13085,1,1,AC,TX,303,West,Texas,TX,303,West,Texas,
48151,48415,Scurry,Fisher,221,1,221,11.39860937,0.08773,1,1,AC,TX,303,West,Texas,TX,303,West,Texas,
48151,48441,Taylor,Fisher,98,1,98,11.14702932,0.08971,1,1,AC,TX,303,West,Texas,TX,303,West,Texas,
48155,48487,Wilbarger,Foard,187,1,187,9.304056569,0.10748,1,1,AC,TX,302,North,Texas,TX,302,North,Texas,
48157,48167,Fort Bend,Fort Bend,886,2,886,45.97318539,0.02175181,1,2,AC,TX,307,Coast,Texas,TX,307,Coast,Texas,
48157,48201,Fort Bend,Harris,16923,26,16923,2382.60083,0.000419709,1,26,AC,TX,307,Coast,Texas,TX,307,Coast,Texas,
48157,48473,Waller,Fort Bend,98,1,98,13.19435282,0.07579,1,1,AC,TX,307,Coast,Texas,TX,307,Coast,Texas,
48157,48481,Fort Bend,Wharton,2910,5,2910,191.7707458,0.00521456,1,5,AC,TX,307,Coast,Texas,TX,307,Coast,Texas,
48159,48223,Hopkins,Franklin,399,2,399,24.13037613,0.041441542,1,2,AC,TX,308,East,Texas,TX,308,East,Texas,
48159,48449,Franklin,Titus,919,3,919,68.59710484,0.014577875,1,3,AC,TX,308,East,Texas,TX,308,East,Texas,
48161,48213,Freestone,Freestone,1195,2,1195,73.51089689,0.013603425,1,2,AC,TX,308,East,Texas,TX,308,East,Texas,
48161,48289,Freestone,Leon,98,1,98,14.46340758,0.06914,1,1,AC,TX,308,East,Texas,TX,308,East,Texas,
48161,48293,Freestone,Limestone,3316,2,3316,144.6327945,0.006914061,1,2,AC,TX,308,East,Texas,TX,308,East,Texas,
48161,48349,Navarro,Freestone,5685,3,5685,243.7149952,0.004103153,1,3,AC,TX,305,North Central,Texas,TX,308,East,Texas,
48163,48323,Maverick,Frio,443,1,443,8.385041087,0.11926,1,1,AC,TX,304,South,Texas,TX,304,South,Texas,
48163,48325,Medina,Frio,690,3,690,41.29837715,0.024214027,1,3,AC,TX,306,South Central,Texas,TX,304,South,Texas,
48163,48507,Frio,Zavala,149,1,149,6.495193557,0.15396,1,1,AC,TX,304,South,Texas,TX,304,South,Texas,
48165,48445,Gaines,Terry,187.01,1,187.01,10.2325867,0.097727,1,1,AC,TX,45,Texas Panhandle,Eastern,TX,45,Texas Panhandle,Eastern,
48165,48501,Gaines,Gaines,348.96,2,348.96,51.56738457,0.019392102,1,2,AC,TX,45,Texas Panhandle,Eastern,TX,45,Texas Panhandle,Eastern,
48167,48201,Galveston,Harris,4405,5,4405,266.633901,0.003750461,1,5,AC,TX,307,Coast,Texas,TX,307,Coast,Texas,
48171,48259,Kendall,Gillespie,100,1,100,10,0.1,1,1,AC,TX,306,South Central,Texas,TX,303,West,Texas,
48171,48299,Llano,Gillespie,345,3,345,21.97581885,0.045504561,1,3,AC,TX,303,West,Texas,TX,303,West,Texas,
48173,48227,Howard,Glasscock,98,1,98,20.95996646,0.04771,1,1,AC,TX,301,Far West,Texas,TX,301,Far West,Texas,
48173,48329,Midland,Glasscock,330,1,330,6.25,0.16,1,1,AC,TX,301,Far West,Texas,TX,301,Far West,Texas,
48173,48431,Glasscock,Sterling,442,2,442,26.73204069,0.037408293,1,2,AC,TX,301,Far West,Texas,TX,301,Far West,Texas,
48173,48461,Upton,Glasscock,98,1,98,6.314327208,0.15837,1,1,AC,TX,301,Far West,Texas,TX,301,Far West,Texas,
48175,48255,Karnes,Goliad,750,1,750,21.28565347,0.04698,1,1,AC,TX,306,South Central,Texas,TX,307,Coast,Texas,
48175,48409,Goliad,San Patricio,443,1,443,13.84083045,0.07225,1,1,AC,TX,307,Coast,Texas,TX,304,South,Texas,
48175,48469,Goliad,Goliad,886,2,886,91.12948523,0.010973397,1,2,AC,TX,304,Coast,Texas,TX,307,Coast,Texas,
48177,48187,Gonzales,Guadalupe,213,2,213,21.47222532,0.046571791,1,2,AC,TX,306,South Central,Texas,TX,306,South Central,Texas,
48179,48233,Gray,Hutchinson,147.61,1,147.61,2.831858407,0.353125,1,1,AC,TX,45,Texas Panhandle,Eastern,TX,45,Texas Panhandle,Eastern,
48183,48203,Harrison,Gregg,731.01,4,731.01,506.861911,0.001972924,1,4,AC,TX,44,East Texas,Eastern,TX,44,East Texas,Eastern,
48183,48401,Gregg,Rusk,427.1,2,427.1,28.23941375,0.0354115,1,2,AC,TX,44,East Texas,Eastern,TX,44,East Texas,Eastern,
48183,48423,Gregg,Smith,176.76,1,176.76,54.40400413,0.018381,1,1,AC,TX,44,East Texas,Eastern,TX,44,East Texas,Eastern,
48183,48499,Gregg,Wood,170,1,170,11.99860816,0.083343,1,1,AC,TX,44,East Texas,Eastern,TX,44,East Texas,Eastern,
48185,48339,Montgomery,Grimes,2666,3,2666,191.0053962,0.005235454,1,3,AC,TX,307,Coast,Texas,TX,308,East,Texas,
48185,48477,Grimes,Washington,98,1,98,19.11314985,0.05232,1,1,AC,TX,308,East,Texas,TX,306,South Central,Texas,
48187,48453,Travis,Guadalupe,2020,1,2020,78.24726135,0.01278,1,1,AC,TX,306,South Central,Texas,TX,306,South Central,Texas,
48187,48469,Guadalupe,Victoria,3146,1,3146,58.41121495,0.01712,1,1,AC,TX,306,South Central,Texas,TX,307,Coast,Texas,
48189,48279,Lamb,Hale,1356.63,3,1356.63,59.2678411,0.016872557,1,3,AC,TX,45,Texas Panhandle,Eastern,TX,45,Texas Panhandle,Eastern,
48189,48303,Hale,Lubbock,2426.53,3,2426.53,143.2213504,0.006982199,1,3,AC,TX,45,Texas Panhandle,Eastern,TX,45,Texas Panhandle,Eastern,
48195,48211,Hemphill,Hansford,144.17,1,144.17,3.404498705,0.293729,1,1,AC,TX,45,Texas Panhandle,Eastern,TX,45,Texas Panhandle,Eastern,
48195,48233,Hutchinson,Hansford,1171.33,1,1171.33,28.74637077,0.034787,1,1,AC,TX,45,Texas Panhandle,Eastern,TX,45,Texas Panhandle,Eastern,
48195,48341,Hansford,Moore,1117.99,1,1117.99,51.51718098,0.019411,1,1,AC,TX,45,Texas Panhandle,Eastern,TX,45,Texas Panhandle,Eastern,
48199,48241,Hardin,Hardin,1333.97,2,1333.97,65.78213096,0.015201697,1,2,AC,TX,44,East Texas,Eastern,TX,44,East Texas,Eastern,
48199,48245,Hardin,Jefferson,1577.87,3,1577.87,145.7551412,0.006860821,1,3,AC,TX,44,East Texas,Eastern,TX,44,East Texas,Eastern,
48199,48291,Liberty,Hardin,306.74,2,306.74,25.80738092,0.038748605,1,2,AC,TX,44,East Texas,Eastern,TX,44,East Texas,Eastern,
48199,48457,Tyler,Hardin,171.47,1,171.47,11.8835413,0.08415,1,1,AC,TX,44,East Texas,Eastern,TX,44,East Texas,Eastern,
48201,48291,Harris,Liberty,442,2,442,37.71450123,0.026515,1,2,AC,TX,307,Coast,Texas,TX,307,Coast,Texas,
48201,48339,Montgomery,Harris,5934,15,5934,641.6269008,0.001558538,1,15,AC,TX,307,Coast,Texas,TX,307,Coast,Texas,
48201,48473,Harris,Harris,247,2,247,50.77965955,0.019692924,1,2,AC,TX,307,Coast,Texas,TX,307,Coast,Texas,
48201,48477,Harris,Washington,2020,1,2020,85.2514919,0.01173,1,1,AC,TX,307,Coast,Texas,TX,306,South Central,Texas,
48203,48315,Harrison,Harrison,3066.95,4,3066.95,178.2168448,0.005611142,1,4,AC,TX,44,East Texas,Eastern,TX,44,East Texas,Eastern,
48203,48365,Harrison,Panola,755.02,4,755.02,189.0100362,0.005290724,1,4,AC,TX,44,East Texas,Eastern,TX,44,East Texas,Eastern,
48203,48401,Harrison,Harrison,2903.01,4,2903.01,352.7541897,0.002834835,1,4,AC,TX,44,East Texas,Eastern,TX,44,East Texas,Eastern,
48203,48459,Upshur,Harrison,161.59,1,161.59,27.65486726,0.03616,1,1,AC,TX,44,East Texas,Eastern,TX,44,East Texas,Eastern,
48205,48421,Sherman,Hartley,130.09,1,130.09,8.376331837,0.119384,1,1,AC,TX,45,Texas Panhandle,Eastern,TX,45,Texas Panhandle,Eastern,
48207,48253,Jones,Haskell,149,1,149,10.66780457,0.09374,1,1,AC,TX,303,West,Texas,TX,302,North,Texas,
48207,48447,Throckmorton,Haskell,187,1,187,14.00952648,0.07138,1,1,AC,TX,305,North Central,Texas,TX,302,North,Texas,
48209,48453,Travis,Hays,1360,5,1360,152.2382286,0.006568652,1,5,AC,TX,306,South Central,Texas,TX,306,South Central,Texas,
48211,48295,Hemphill,Lipscomb,118.25,1,118.25,5.087763928,0.19655,1,1,AC,TX,45,Texas Panhandle,Eastern,TX,45,Texas Panhandle,Eastern,
48211,48393,Hemphill,Roberts,187,1,187,18.80406168,0.05318,1,1,AC,TX,302,North,Texas,TX,302,North,Texas,
48211,48485,Hemphill,Wichita,2020,1,2020,23.25581395,0.043,1,1,AC,TX,302,North,Texas,TX,302,North,Texas,
48213,48257,Henderson,Kaufman,251,1,251,34.86750349,0.02868,1,1,AC,TX,305,North Central,Texas,TX,305,North Central,Texas,
48213,48349,Navarro,Henderson,98,1,98,5.185646132,0.19284,1,1,AC,TX,308,East,Texas,TX,308,East,Texas,
48213,48423,Smith,Henderson,646,2,646,30.84533358,0.032419815,1,2,AC,TX,308,East,Texas,TX,308,East,Texas,
48213,48467,Henderson,Henderson,247,2,247,20.3331826,0.049180692,1,2,AC,TX,308,East,Texas,TX,308,East,Texas,
48215,48261,Hidalgo,Kenedy,2250,3,2250,37.70739065,0.02652,1,3,AC,TX,304,South,Texas,TX,304,South,Texas,
48215,48427,Starr,Hidalgo,442,2,442,48.65650762,0.020552235,1,2,AC,TX,304,South,Texas,TX,304,South,Texas,
48215,48479,Webb,Hidalgo,548,1,548,16.66666667,0.06,1,1,AC,TX,304,South,Texas,TX,304,South,Texas,
48215,48489,Hidalgo,Willacy,1197,4,1197,63.87399281,0.015655824,1,4,AC,TX,304,South,Texas,TX,304,South,Texas,
48217,48293,Hill,Limestone,251,1,251,35.81661891,0.02792,1,1,AC,TX,305,North Central,Texas,TX,305,North Central,Texas,
48217,48309,Hill,McLennan,876,4,876,97.16257021,0.010292029,1,4,AC,TX,305,North Central,Texas,TX,305,North Central,Texas,
48217,48349,Hill,Navarro,438,2,438,91.83688374,0.010888871,1,2,AC,TX,305,North Central,Texas,TX,305,North Central,Texas,
48219,48279,Hockley,Lamb,1137.15,1,1137.15,39.98080921,0.025012,1,1,AC,TX,45,Texas Panhandle,Eastern,TX,45,Texas Panhandle,Eastern,
48219,48303,Hockley,Lubbock,175,1,175,91.09127346,0.010978,1,1,AC,TX,45,Texas Panhandle,Eastern,TX,45,Texas Panhandle,Eastern,
48219,48501,Hockley,Yoakum,1238.29,1,1238.29,35.45219272,0.028207,1,1,AC,TX,45,Texas Panhandle,Eastern,TX,45,Texas Panhandle,Eastern,
48221,48251,Johnson,Hood,818,2,818,76.83442182,0.013015,1,2,AC,TX,305,North Central,Texas,TX,305,North Central,Texas,
48221,48309,McLennan,Hood,2020,1,2020,64.5994832,0.01548,1,1,AC,TX,305,North Central,Texas,TX,305,North Central,Texas,
48221,48363,Hood,Palo Pinto,187,1,187,30.71253071,0.03256,1,1,AC,TX,305,North Central,Texas,TX,305,North Central,Texas,
48221,48425,Somervell,Hood,4972,3,4972,1244.823506,0.000803327,1,3,AC,TX,305,North Central,Texas,TX,305,North Central,Texas,
48221,48439,Tarrant,Hood,6292,2,6292,265.0918635,0.003772277,1,2,AC,TX,305,North Central,Texas,TX,305,North Central,Texas,
48223,48231,Hunt,Hopkins,470,3,470,55.20564169,0.018114091,1,3,AC,TX,305,North Central,Texas,TX,308,East,Texas,
48223,48449,Hopkins,Titus,149,1,149,5.22711829,0.19131,1,1,AC,TX,308,East,Texas,TX,308,East,Texas,
48223,48499,Wood,Hopkins,149,1,149,21.63097556,0.04623,1,1,AC,TX,308,East,Texas,TX,308,East,Texas,
48225,48313,Houston,Madison,149,1,149,12.03659124,0.08308,1,1,AC,TX,308,East,Texas,TX,308,East,Texas,
48227,48317,Martin,Howard,400,2,400,15.43925245,0.064769975,1,2,AC,TX,301,Far West,Texas,TX,301,Far West,Texas,
48227,48431,Sterling,Howard,149,1,149,12.18026797,0.0821,1,1,AC,TX,301,Far West,Texas,TX,301,Far West,Texas,
48231,48277,Hunt,Lamar,2768,1,2768,91.99632015,0.01087,1,1,AC,TX,305,North Central,Texas,TX,302,North,Texas,
48231,48397,Rockwall,Hunt,251,1,251,22.49718785,0.04445,1,1,AC,TX,305,North Central,Texas,TX,305,North Central,Texas,
48231,48401,Hunt,Rusk,2768,1,2768,34.44712367,0.02903,1,1,AC,TX,305,North Central,Texas,TX,308,East,Texas,
48231,48449,Titus,Hunt,3146,1,3146,100,0.01,1,1,AC,TX,308,East,Texas,TX,305,North Central,Texas,
48231,48467,Van Zandt,Hunt,98,1,98,9.291953169,0.10762,1,1,AC,TX,308,East,Texas,TX,308,East,Texas,
48233,48279,Lamb,Hutchinson,4078.77,1,4078.77,65.74621959,0.01521,1,1,AC,TX,45,Texas Panhandle,Eastern,TX,45,Texas Panhandle,Eastern,
48233,48303,Lubbock,Hutchinson,4066.58,1,4066.58,54.89679403,0.018216,1,1,AC,TX,45,Texas Panhandle,Eastern,TX,45,Texas Panhandle,Eastern,
48233,48341,Hutchinson,Moore,146.28,1,146.28,12.22060639,0.081829,1,1,AC,TX,45,Texas Panhandle,Eastern,TX,45,Texas Panhandle,Eastern,
48233,48381,Hutchinson,Randall,215.71,1,215.71,6.978561858,0.143296,1,1,AC,TX,45,Texas Panhandle,Eastern,TX,45,Texas Panhandle,Eastern,
48235,48413,Irion,Schleicher,149,1,149,5.816658911,0.17192,1,1,AC,TX,301,Far West,Texas,TX,303,West,Texas,
48235,48431,Sterling,Irion,221,1,221,5.255136896,0.19029,1,1,AC,TX,303,West,Texas,TX,301,Far West,Texas,
48237,48337,Montague,Jack,251,1,251,15.26251526,0.06552,1,1,AC,TX,302,North,Texas,TX,305,North Central,Texas,
48237,48363,Jack,Palo Pinto,3019,2,3019,174.2985174,0.005737283,1,2,AC,TX,305,North Central,Texas,TX,305,North Central,Texas,
48237,48367,Jack,Parker,310,1,310,8.672274738,0.11531,1,1,AC,TX,305,North Central,Texas,TX,305,North Central,Texas,
48237,48439,Jack,Tarrant,4352,1,4352,188.6792453,0.0053,1,1,AC,TX,305,North Central,Texas,TX,305,North Central,Texas,
48237,48497,Jack,Wise,4975,3,4975,606.2156376,0.001649578,1,3,AC,TX,305,North Central,Texas,TX,305,North Central,Texas,
48237,48503,Jack,Young,10583,5,10583,773.7953616,0.001292331,1,5,AC,TX,305,North Central,Texas,TX,305,North Central,Texas,
48239,48285,Jackson,Lavaca,98,1,98,7.53920386,0.13264,1,1,AC,TX,307,Coast,Texas,TX,306,South Central,Texas,
48239,48321,Jackson,Matagorda,98,1,98,5.60663826,0.17836,1,1,AC,TX,307,Coast,Texas,TX,307,Coast,Texas,
48239,48469,Victoria,Jackson,98,1,98,9.650646593,0.10362,1,1,AC,TX,307,Coast,Texas,TX,307,Coast,Texas,
48241,48291,Liberty,Jasper,1178.03,1,1178.03,27.14809285,0.036835,1,1,AC,TX,44,East Texas,Eastern,TX,44,East Texas,Eastern,
48241,48351,Jasper,Newton,1287.89,1,1287.89,40.46617028,0.024712,1,1,AC,TX,44,East Texas,Eastern,TX,44,East Texas,Eastern,
48241,48361,Orange,Jasper,165.22,1,165.22,23.91772303,0.04181,1,1,AC,TX,44,East Texas,Eastern,TX,44,East Texas,Eastern,
48241,48403,Sabine,Jasper,402.36,2,402.36,29.04148576,0.0344335,1,2,AC,TX,44,East Texas,Eastern,TX,44,East Texas,Eastern,
48241,48457,Jasper,Tyler,154.52,1,154.52,11.8731003,0.084224,1,1,AC,TX,44,East Texas,Eastern,TX,44,East Texas,Eastern,
48241,48471,Jasper,Walker,1093.36,1,1093.36,19.83457961,0.050417,1,1,AC,TX,44,East Texas,Eastern,TX,44,East Texas,Eastern,
48245,48361,Jefferson,Jefferson,3653.35,10,3653.35,763.0928956,0.001310456,1,10,AC,TX,44,East Texas,Eastern,TX,44,East Texas,Eastern,
48247,48479,Webb,Jim Hogg,149,1,149,8.499065103,0.11766,1,1,AC,TX,304,South,Texas,TX,304,South,Texas,
48247,48505,Jim Hogg,Zapata,149,1,149,7.34484025,0.13615,1,1,AC,TX,304,South,Texas,TX,304,South,Texas,
48249,48297,Live Oak,Jim Wells,98,1,98,19.84914649,0.05038,1,1,AC,TX,304,South,Texas,TX,304,South,Texas,
48249,48355,Jim Wells,Nueces,221,1,221,11.26633619,0.08876,1,1,AC,TX,304,South,Texas,TX,304,South,Texas,
48251,48349,Johnson,Navarro,2768,1,2768,91.15770283,0.01097,1,1,AC,TX,305,North Central,Texas,TX,305,North Central,Texas,
48251,48367,Johnson,Parker,620,2,620,65.10416667,0.01536,1,2,AC,TX,305,North Central,Texas,TX,305,North Central,Texas,
48251,48425,Johnson,Somervell,2915,3,2915,190.7858309,0.005241479,1,3,AC,TX,305,North Central,Texas,TX,305,North Central,Texas,
48251,48439,Tarrant,Johnson,7145,10,7145,692.2289925,0.001444609,1,10,AC,TX,305,North Central,Texas,TX,305,North Central,Texas,
48253,48353,Jones,Nolan,98,1,98,4.206275763,0.23774,1,1,AC,TX,303,West,Texas,TX,303,West,Texas,
48253,48417,Shackelford,Jones,370,2,370,27.65413584,0.036160956,1,2,AC,TX,303,North Central,Texas,TX,303,West,Texas,
48253,48441,Taylor,Jones,497,3,497,67.5093059,0.014812773,1,3,AC,TX,303,West,Texas,TX,303,West,Texas,
48255,48493,Wilson,Karnes,647,1,647,25.88661662,0.03863,1,1,AC,TX,306,South Central,Texas,TX,306,South Central,Texas,
48257,48349,Kaufman,Kaufman,438,2,438,43.53950642,0.022967647,1,2,AC,TX,305,North Central,Texas,TX,305,North Central,Texas,
48257,48397,Kaufman,Rockwall,187,1,187,43.84042087,0.02281,1,1,AC,TX,305,North Central,Texas,TX,305,North Central,Texas,
48257,48467,Van Zandt,Kaufman,98,1,98,17.14971703,0.05831,1,1,AC,TX,308,East,Texas,TX,305,North Central,Texas,
48259,48265,Kendall,Kerr,443,1,443,21.90100745,0.04566,1,1,AC,TX,306,South Central,Texas,TX,303,West,Texas,
48261,48273,Kenedy,Kleberg,149,1,149,11.62115049,0.08605,1,1,AC,TX,304,South,Texas,TX,304,South,Texas,
48261,48355,Kenedy,Nueces,2250,3,2250,58.50337595,0.017093031,1,3,AC,TX,304,South,Texas,TX,304,South,Texas,
48261,48479,Kenedy,Webb,523,1,523,8.542627712,0.11706,1,1,AC,TX,304,South,Texas,TX,304,South,Texas,
48261,48489,Kenedy,Willacy,442,2,442,13.52905364,0.073915,1,2,AC,TX,304,South,Texas,TX,304,South,Texas,
48263,48269,King,Kent,187,1,187,10.80030241,0.09259,1,1,AC,TX,302,North,Texas,TX,302,North,Texas,
48263,48415,Kent,Scurry,251,1,251,12.38696891,0.08073,1,1,AC,TX,302,North,Texas,TX,303,West,Texas,
48263,48433,Kent,Stonewall,251,1,251,15.69612306,0.06371,1,1,AC,TX,302,North,Texas,TX,302,North,Texas,
48265,48385,Real,Kerr,98,1,98,5.614507888,0.17811,1,1,AC,TX,303,West,Texas,TX,303,West,Texas,
48267,48327,Menard,Kimble,149,1,149,6.222775358,0.1607,1,1,AC,TX,303,West,Texas,TX,303,West,Texas,
48267,48435,Kimble,Sutton,149,1,149,6.810597289,0.14683,1,1,AC,TX,303,West,Texas,TX,303,West,Texas,
48271,48323,Maverick,Kinney,98,1,98,6.485084306,0.1542,1,1,AC,TX,304,South,Texas,TX,303,West,Texas,
48271,48463,Uvalde,Kinney,98,1,98,14.44877908,0.06921,1,1,AC,TX,303,West,Texas,TX,303,West,Texas,
48271,48465,Kinney,Kinney,196,2,196,12.84560088,0.077847662,1,2,AC,TX,303,South,Texas,TX,303,South,Texas,
48273,48355,Nueces,Kleberg,98,1,98,19.4024059,0.05154,1,1,AC,TX,304,South,Texas,TX,304,South,Texas,
48275,48433,Knox,Stonewall,251,1,251,12.08897485,0.08272,1,1,AC,TX,302,North,Texas,TX,302,North,Texas,
48277,48387,Lamar,Red River,561,3,561,34.13077503,0.029299071,1,3,AC,TX,302,North,Texas,TX,302,North,Texas,
48277,48449,Lamar,Titus,2768,1,2768,83.47245409,0.01198,1,1,AC,TX,302,North,Texas,TX,308,East,Texas,
48279,48303,Lamb,Lubbock,3987.31,1,3987.31,129.1155584,0.007745,1,1,AC,TX,45,Texas Panhandle,Eastern,TX,45,Texas Panhandle,Eastern,
48281,48333,Lampasas,Mills,149,1,149,19.55798944,0.05113,1,1,AC,TX,303,West,Texas,TX,305,North Central,Texas,
48283,48479,La Salle,Webb,149,1,149,9.637625289,0.10376,1,1,AC,TX,304,South,Texas,TX,304,South,Texas,
48289,48293,Leon,Limestone,149,1,149,21.39952921,0.04673,1,1,AC,TX,308,East,Texas,TX,308,East,Texas,
48289,48313,Madison,Leon,98,1,98,13.79120121,0.07251,1,1,AC,TX,307,Coast,Texas,TX,308,East,Texas,
48289,48395,Robertson,Leon,98,1,98,11.99040767,0.0834,1,1,AC,TX,308,East,Texas,TX,308,East,Texas,
48291,48339,Montgomery,Liberty,815.97,3,815.97,36.19711448,0.027626512,1,3,AC,TX,307,Coast,Texas,TX,307,Coast,Texas,
48291,48373,Polk,Liberty,163.36,1,163.36,17.46846941,0.057246,1,1,AC,TX,44,East Texas,Eastern,TX,44,East Texas,Eastern,
48291,48407,Liberty,San Jacinto,464.7,3,464.7,75.11027239,0.013313758,1,3,AC,TX,44,East Texas,Eastern,TX,44,East Texas,Eastern,
48291,48471,Walker,Liberty,1087.58,1,1087.58,47.2210417,0.021177,1,1,AC,TX,44,East Texas,Eastern,TX,44,East Texas,Eastern,
48293,48309,McLennan,Limestone,3019,2,3019,111.5849915,0.008961779,1,2,AC,TX,305,North Central,Texas,TX,305,East,Texas,
48293,48349,Limestone,Navarro,251,1,251,18.72308556,0.05341,1,1,AC,TX,305,North Central,Texas,TX,305,North Central,Texas,
48293,48395,Limestone,Limestone,799,2,799,62.4130366,0.016022294,1,2,AC,TX,308,East,Texas,TX,305,East,Texas,
48297,48311,McMullen,Live Oak,98,1,98,7.116931179,0.14051,1,1,AC,TX,304,South,Texas,TX,304,South,Texas,
48297,48409,Live Oak,San Patricio,149,1,149,19.9920032,0.05002,1,1,AC,TX,304,South,Texas,TX,304,South,Texas,
48299,48411,Llano,San Saba,98,1,98,12.55335174,0.07966,1,1,AC,TX,303,West,Texas,TX,303,West,Texas,
48301,48475,Loving,Ward,98,1,98,5.178395733,0.19311,1,1,AC,TX,301,Far West,Texas,TX,301,Far West,Texas,
48301,48495,Winkler,Loving,149,1,149,6.739452756,0.14838,1,1,AC,TX,301,Far West,Texas,TX,301,Far West,Texas,
48303,48305,Lynn,Lubbock,1330.86,3,1330.86,167.4283748,0.005972703,1,3,AC,TX,45,Texas Panhandle,Eastern,TX,45,Texas Panhandle,Eastern,
48303,48445,Terry,Lubbock,157.84,1,157.84,29.73977695,0.033625,1,1,AC,TX,45,Texas Panhandle,Eastern,TX,45,Texas Panhandle,Eastern,
48303,48501,Yoakum,Lubbock,4129.8,1,4129.8,123.18305,0.008118,1,1,AC,TX,45,Texas Panhandle,Eastern,TX,45,Texas Panhandle,Eastern,
48309,48349,McLennan,Navarro,3146,1,3146,91.49130833,0.01093,1,1,AC,TX,305,North Central,Texas,TX,305,North Central,Texas,
48309,48395,Robertson,McLennan,2768,1,2768,133.3333333,0.0075,1,1,AC,TX,308,East,Texas,TX,305,North Central,Texas,
48313,48395,Madison,Robertson,221,1,221,4.798464491,0.2084,1,1,AC,TX,307,Coast,Texas,TX,308,East,Texas,
48315,48343,Morris,Marion,132.74,1,132.74,16.35965056,0.061126,1,1,AC,TX,44,East Texas,Eastern,TX,44,East Texas,Eastern,
48315,48449,Titus,Marion,1274.46,1,1274.46,75.10890792,0.013314,1,1,AC,TX,44,East Texas,Eastern,TX,44,East Texas,Eastern,
48317,48329,Martin,Martin,442,2,442,17.64955515,0.056658652,1,2,AC,TX,301,Far West,Texas,TX,301,Far West,Texas,
48321,48481,Wharton,Matagorda,2020,1,2020,116.9590643,0.00855,1,1,AC,TX,307,Coast,Texas,TX,307,Coast,Texas,
48323,48465,Maverick,Val Verde,548,1,548,6.145526057,0.16272,1,1,AC,TX,304,South,Texas,TX,303,West,Texas,
48323,48479,Maverick,Webb,548,1,548,16.66666667,0.06,1,1,AC,TX,304,South,Texas,TX,304,South,Texas,
48325,48463,Uvalde,Medina,98,1,98,9.816432708,0.10187,1,1,AC,TX,303,West,Texas,TX,306,South Central,Texas,
48327,48451,Menard,Tom Green,98,1,98,6.910372469,0.14471,1,1,AC,TX,303,West,Texas,TX,303,West,Texas,
48331,48395,Milam,Robertson,2118,2,2118,84.74763885,0.011799739,1,2,AC,TX,306,South Central,Texas,TX,308,East,Texas,
48331,48453,Milam,Travis,3316,2,3316,145.0879858,0.006892369,1,2,AC,TX,306,South Central,Texas,TX,306,South Central,Texas,
48335,48353,Nolan,Mitchell,98,1,98,22.15820962,0.04513,1,1,AC,TX,303,West,Texas,TX,303,West,Texas,
48335,48415,Scurry,Mitchell,744,3,744,110.7652526,0.009028102,1,3,AC,TX,303,West,Texas,TX,303,West,Texas,
48335,48441,Mitchell,Taylor,548,1,548,11.43379831,0.08746,1,1,AC,TX,303,West,Texas,TX,303,West,Texas,
48337,48497,Wise,Montague,753,3,753,99.3778153,0.010062608,1,3,AC,TX,305,North Central,Texas,TX,302,North,Texas,
48339,48407,Montgomery,San Jacinto,136.95,1,136.95,25.65286543,0.038982,1,1,AC,TX,44,East Texas,Eastern,TX,44,East Texas,Eastern,
48341,48421,Moore,Sherman,176.65,1,176.65,31.94786109,0.031301,1,1,AC,TX,45,Texas Panhandle,Eastern,TX,45,Texas Panhandle,Eastern,
48343,48449,Titus,Morris,193.45,1,193.45,36.31345777,0.027538,1,1,AC,TX,44,East Texas,Eastern,TX,44,East Texas,Eastern,
48347,48401,Rusk,Nacogdoches,1038,3,1038,61.56163502,0.016243883,1,3,AC,TX,308,East,Texas,TX,308,East,Texas,
48351,48361,Newton,Orange,983.87,1,983.87,134.264232,0.007448,1,1,AC,TX,44,East Texas,Eastern,TX,44,East Texas,Eastern,
48353,48399,Runnels,Nolan,221,1,221,8.235197233,0.12143,1,1,AC,TX,303,West,Texas,TX,303,West,Texas,
48353,48415,Nolan,Scurry,820,1,820,32.36245955,0.0309,1,1,AC,TX,303,West,Texas,TX,303,West,Texas,
48353,48417,Nolan,Shackelford,2020,1,2020,66.66666667,0.015,1,1,AC,TX,303,West,Texas,TX,305,North Central,Texas,
48353,48441,Nolan,Taylor,1042,5,1042,134.8529313,0.007415486,1,5,AC,TX,303,West,Texas,TX,303,West,Texas,
48355,48409,Nueces,San Patricio,2872,9,2872,289.0331634,0.003459811,1,9,AC,TX,304,South,Texas,TX,304,South,Texas,
48355,48489,Willacy,Nueces,820,1,820,50,0.02,1,1,AC,TX,304,South,Texas,TX,304,South,Texas,
48363,48367,Palo Pinto,Parker,812,3,812,60.2516095,0.016597067,1,3,AC,TX,305,North Central,Texas,TX,305,North Central,Texas,
48363,48439,Tarrant,Palo Pinto,3146,1,3146,87.79631255,0.01139,1,1,AC,TX,305,North Central,Texas,TX,305,North Central,Texas,
48363,48497,Wise,Palo Pinto,2020,1,2020,110.3752759,0.00906,1,1,AC,TX,305,North Central,Texas,TX,305,North Central,Texas,
48365,48455,Panola,Trinity,158.34,1,158.34,3.43080243,0.291477,1,1,AC,TX,44,East Texas,Eastern,TX,44,East Texas,Eastern,
48367,48439,Tarrant,Parker,1678,6,1678,260.9170391,0.003832636,1,6,AC,TX,305,North Central,Texas,TX,305,North Central,Texas,
48371,48443,Pecos,Terrell,442,2,442,18.25483753,0.05478,1,2,AC,TX,301,Far West,Texas,TX,301,Far West,Texas,
48371,48461,Pecos,Pecos,478.4,4,478.4,35.17330866,0.028430649,1,4,AC,TX,301,Far West,Texas,TX,301,Far West,Texas,
48371,48475,Pecos,Ward,149,1,149,6.759497093,0.14794,1,1,AC,TX,301,Far West,Texas,TX,301,Far West,Texas,
48373,48407,Polk,Polk,263.67,2,263.67,33.03039305,0.030275147,1,2,AC,TX,44,East Texas,Eastern,TX,44,East Texas,Eastern,
48373,48455,Trinity,Polk,122.05,1,122.05,12.52050232,0.079869,1,1,AC,TX,44,East Texas,Eastern,TX,44,East Texas,Eastern,
48373,48457,Polk,Tyler,164.5,1,164.5,22.65210891,0.044146,1,1,AC,TX,44,East Texas,Eastern,TX,44,East Texas,Eastern,
48375,48381,Potter,Potter,257.76,2,257.76,59.27800858,0.016869663,1,2,AC,TX,45,Texas Panhandle,Eastern,TX,45,Texas Panhandle,Eastern,
48379,48467,Rains,Van Zandt,247,2,247,21.41774096,0.046690265,1,2,AC,TX,308,East,Texas,TX,308,East,Texas,
48379,48499,Wood,Rains,98,1,98,11.36363636,0.088,1,1,AC,TX,308,East,Texas,TX,308,East,Texas,
48385,48463,Uvalde,Real,98,1,98,7.534659433,0.13272,1,1,AC,TX,303,West,Texas,TX,303,West,Texas,
48389,48475,Ward,Reeves,98,1,98,3.693034936,0.27078,1,1,AC,TX,301,Far West,Texas,TX,301,Far West,Texas,
48391,48409,Refugio,San Patricio,370,2,370,35.29254837,0.028334593,1,2,AC,TX,304,South,Texas,TX,304,South,Texas,
48399,48451,Tom Green,Runnels,288,2,288,28.71591468,0.034823895,1,2,AC,TX,303,West,Texas,TX,303,West,Texas,
48401,48423,Rusk,Rusk,196,2,196,29.78745588,0.033571179,1,2,AC,TX,308,East,Texas,TX,308,East,Texas,
48403,48405,Sabine,San Augustine,163.16,1,163.16,18.89680455,0.052919,1,1,AC,TX,44,East Texas,Eastern,TX,44,East Texas,Eastern,
48403,48419,Sabine,Shelby,318.99,2,318.99,16.78907282,0.059562551,1,2,AC,TX,44,East Texas,Eastern,TX,44,East Texas,Eastern,
48405,48419,Shelby,San Augustine,154.04,1,154.04,10.62191301,0.094145,1,1,AC,TX,44,East Texas,Eastern,TX,44,East Texas,Eastern,
48413,48431,Schleicher,Sterling,548,1,548,11.24859393,0.0889,1,1,AC,TX,303,West,Texas,TX,303,West,Texas,
48413,48435,Sutton,Schleicher,98,1,98,5.842145236,0.17117,1,1,AC,TX,303,West,Texas,TX,303,West,Texas,
48413,48451,Tom Green,Schleicher,442,2,442,27.22940776,0.036725,1,2,AC,TX,303,West,Texas,TX,303,West,Texas,
48413,48465,Schleicher,Val Verde,548,1,548,7.332453439,0.13638,1,1,AC,TX,303,West,Texas,TX,303,West,Texas,
48417,48429,Stephens,Shackelford,251,1,251,17.52541185,0.05706,1,1,AC,TX,305,North Central,Texas,TX,305,North Central,Texas,
48417,48441,Shackelford,Taylor,1500,2,1500,81.30081301,0.0123,1,2,AC,TX,305,North Central,Texas,TX,303,West,Texas,
48417,48503,Young,Shackelford,2020,1,2020,67.34006734,0.01485,1,1,AC,TX,305,North Central,Texas,TX,305,North Central,Texas,
48423,48449,Titus,Smith,647,1,647,12.18769043,0.08205,1,1,AC,TX,308,East,Texas,TX,308,East,Texas,
48423,48459,Smith,Upshur,144.37,1,144.37,20.22408284,0.049446,1,1,AC,TX,44,East Texas,Eastern,TX,44,East Texas,Eastern,
48423,48467,Van Zandt,Smith,196,2,196,21.47461438,0.04656661,1,2,AC,TX,308,East,Texas,TX,308,East,Texas,
48423,48499,Smith,Wood,98,1,98,9.289363679,0.10765,1,1,AC,TX,308,East,Texas,TX,308,East,Texas,
48427,48505,Zapata,Starr,298,2,298,25.62189766,0.039029115,1,2,AC,TX,304,South,Texas,TX,304,South,Texas,
48431,48441,Sterling,Taylor,1000,1,1000,33.33333333,0.03,1,1,AC,TX,303,West,Texas,TX,303,West,Texas,
48439,48497,Tarrant,Wise,620,2,620,175.2848379,0.005705,1,2,AC,TX,305,North Central,Texas,TX,305,North Central,Texas,
48443,48465,Val Verde,Terrell,149,1,149,4.003683389,0.24977,1,1,AC,TX,303,West,Texas,TX,301,Far West,Texas,
48453,48491,Travis,Williamson,10629,16,10629,2483.407372,0.000402673,1,16,AC,TX,306,South Central,Texas,TX,306,South Central,Texas,
48455,48471,Trinity,Walker,172.39,1,172.39,19.97562973,0.050061,1,1,AC,TX,44,East Texas,Eastern,TX,44,East Texas,Eastern,
48459,48499,Wood,Upshur,164.07,1,164.07,21.40090312,0.046727,1,1,AC,TX,44,East Texas,Eastern,TX,44,East Texas,Eastern,
48461,48465,Upton,Val Verde,647,1,647,7.352941176,0.136,1,1,AC,TX,301,Far West,Texas,TX,303,West,Texas,
48467,48499,Wood,Van Zandt,98,1,98,7.695859628,0.12994,1,1,AC,TX,308,East,Texas,TX,308,East,Texas,
48473,48477,Washington,Waller,149,1,149,15.96933887,0.06262,1,1,AC,TX,306,South Central,Texas,TX,307,Coast,Texas,
48475,48495,Ward,Winkler,221,1,221,16.34788295,0.06117,1,1,AC,TX,301,Far West,Texas,TX,301,Far West,Texas,
48479,48505,Webb,Zapata,149,1,149,11.13585746,0.0898,1,1,AC,TX,304,South,Texas,TX,304,South,Texas,
48485,48487,Wichita,Wilbarger,251,1,251,13.93534002,0.07176,1,1,AC,TX,302,North,Texas,TX,302,North,Texas,
48485,48503,Wichita,Young,2020,1,2020,102.9866117,0.00971,1,1,AC,TX,302,North,Texas,TX,305,North Central,Texas,